,f1_score,accuracy
abstract,0.2893899204244032,0.3684210526315789
full_text,0.23466323466323466,0.3684210526315789
sec-text,0.20291720291720292,0.3508771929824561
