,experiment_type,data_type,f1_score,accuracy
0,auto,abstract,0.2893899204244032,0.3684210526315789
1,auto,full_text,0.23466323466323466,0.3684210526315789
2,auto,sec-text,0.20291720291720292,0.3508771929824561
3,manual,abstract,0.23899240855762593,0.36363636363636365
4,manual,full_text,0.6499183006535948,0.6666666666666666
5,manual,sec-text,0.6076190476190476,0.6326530612244898
