,experiment_type,data_type,f1_score,accuracy
0,auto,abstract,0.3029100529100529,0.40350877192982454
1,auto,full_text,0.16666666666666666,0.3333333333333333
2,auto,sec-text,0.16888888888888887,0.3333333333333333
3,manual,abstract,0.3148148148148148,0.38235294117647056
4,manual,full_text,0.26173708920187794,0.38596491228070173
5,manual,sec-text,0.30427807486631014,0.36538461538461536
