,f1_score,accuracy
abstract,0.3029100529100529,0.40350877192982454
full_text,0.16666666666666666,0.3333333333333333
sec-text,0.2045045045045045,0.3508771929824561
