,f1_score,accuracy
abstract,0.2662697214192231,0.2807017543859649
full_text,0.35139573070607555,0.38596491228070173
sec-text,0.27992035045798486,0.3333333333333333
