,experiment_type,data_type,f1_score,accuracy
0,auto,abstract,0.2662697214192231,0.2807017543859649
1,auto,full_text,0.33670033670033667,0.3333333333333333
2,auto,sec-text,0.3044922913343966,0.3333333333333333
3,manual,abstract,0.24814814814814815,0.4117647058823529
4,manual,full_text,0.19390819390819392,0.3333333333333333
5,manual,sec-text,0.2547043010752688,0.3392857142857143
